period,kpi_id,target
2026-10,K14,30
2026-10,K05,5
2026-10,K13,4
2026-10,K07,12
2026-11,K14,60
2026-11,K05,20
2026-11,K13,2
2026-11,K06,10
2026-11,K07,20
2026-12,K06,25
2026-12,K13,0
2026-12,K07,25
2026-12,K01,8
2026-12,K04,3
2026-12,K08,0.8
2026-12,G02,4
2026-12,G05,5
2027-Q1,NS1,9
2027-Q1,K01,20
2027-Q1,K04,4
2027-Q1,K03,30
2027-Q1,K06,30
2027-Q1,G01,90
2027-Q1,G02,4
2027-Q1,G03,3
2027-Q1,G04,0.5
2027-Q1,G05,5
2027-Q2,NS1,23
2027-Q2,K01,35
2027-Q2,K09,3
2027-Q2,K04,4
2027-Q2,K03,30
2027-Q2,K07,30
2027-Q2,G01,90
2027-Q2,G03,3
2027-Q2,G05,4
2027-Q3,NS1,36
2027-Q3,K01,60
2027-Q3,K10,8
2027-Q3,K11,60
2027-Q3,K03,30
2027-Q3,G01,92
2027-Q3,G03,3
2027-Q4,NS1,68
2027-Q4,K01,110
2027-Q4,K15,15
2027-Q4,K03,30
2027-Q4,G01,92
2027-Q4,G06,4
2027-Q4,G07,95
2027-Q4,G04,0.5
